<?xml version="1.0" encoding="UTF-8"?>
<project-private xmlns="http://www.netbeans.org/ns/project-private/1">
    <editor-bookmarks xmlns="http://www.netbeans.org/ns/editor-bookmarks/2" lastBookmarkId="0"/>
    <open-files xmlns="http://www.netbeans.org/ns/projectui-open-files/2">
        <group>
            <file>file:/C:/Users/Alumno-UCH/Desktop/ProyectoLibreria-/LibreriaSM/src/java/servlets/UploadServlet.java</file>
            <file>file:/C:/Users/Alumno-UCH/Desktop/ProyectoLibreria-/LibreriaSM/src/java/model/ProductoBean.java</file>
            <file>file:/C:/Users/Alumno-UCH/Desktop/ProyectoLibreria-/LibreriaSM/web/articulo.jsp</file>
            <file>file:/C:/Users/Alumno-UCH/Desktop/ProyectoLibreria-/LibreriaSM/src/java/servlets/SenorSmController.java</file>
            <file>file:/C:/Users/Alumno-UCH/Desktop/ProyectoLibreria-/LibreriaSM/src/java/service/SenorSmService.java</file>
            <file>file:/C:/Users/Alumno-UCH/Desktop/ProyectoLibreria-/LibreriaSM/src/java/dao/ProductoDao.java</file>
            <file>file:/C:/Users/Alumno-UCH/Desktop/ProyectoLibreria-/LibreriaSM/src/java/dao/InsertDao.java</file>
        </group>
    </open-files>
</project-private>
